0	0	请你扮演一位金融和会计领域专家，你会面临用户提出的一些问题，你要给出解决问题的思考过程和最终答案。你要首先在头脑中思考推理过程，然后向用户提供答案。最后，答案要用 $\boxed{答案}$的形式输出。\n问题：\n甲公司2020年度进行了如下投资：\n（1）甲公司和A公司为同一母公司最终控制下的两家公司。2020年1月1日，甲公司向其母公司支付现金500万元，取得母公司拥有A公司100%的股权，于当日起能够对A公司实施控制。合并日A公司的净资产账面价值450万元，合并后A公司仍维持其独立法人地位继续经营，甲公司、A公司在合并前采用的会计政策相同。\n（2）2月10日，委托证券公司从二级市场购入B公司股票400万股，支付价款1 224万元（含已宣告但尚未发放的现金股利24万元），另支付相关交易费用8万元。甲公司取得B公司股票后，将其作为交易性金融资产核算。2月18日，收到价款中包含的现金股利24万元。\n（3）7月1日，购入C公司股票580万股，支付价款4 600万元，每股价格中包含已宣告但尚未发放的现金股利0.25元。占C公司有表决权股份的25%，对C公司的财务和经营决策具有重大影响，甲公司将其作为长期股权投资核算。\n同日C公司净资产的账面价值（与其公允价值不存在差异）为18 000万元。2020年7月1日至12月31日，C公司实现净利润600万元，宣告分配现金股利400万元。\n（4）12月31日，甲公司将持有的C公司股票出售，取得价款5 000万元。\n要求：根据上述资料，不考虑其他相关因素，分析回答下列小题。（答案中的金额单位用万元表示）\n根据资料（3），针对C公司长期股权投资说法正确的是（　　）。\nA.长期股权投资入账价值为4 500万元\nB.应确认投资收益180万元\nC.应确认其他综合收益100万元\nD.12月31日账面价值4 712万元
1	1	请你扮演一位金融和会计领域专家，你会面临用户提出的一些问题，你要给出解决问题的思考过程和最终答案。你要首先在头脑中思考推理过程，然后向用户提供答案。最后，答案要用 $\boxed{答案}$的形式输出。\n问题：\n甲公司为上市公司，2018年1月1日以非公开发行的方式向100名管理人员每人授予10万股自身股票，授予价格为8元/股。当日，100名管理人员全部认购，认购款项为8 000万元，甲公司履行了相关增资手续。估计该限制性股票股权激励在授予日的公允价值为10元/股。该计划规定，授予对象从2018年1月1日起在本公司连续服务满3年的，则所授予股票将于2021年1月1日全部解锁；期间离职的，甲公司将按照原授予价格8元/股回购。至2021年1月1日，所授予股票不得流通或转让，激励对象取得的现金股利暂由公司管理，作为应付股利在解锁时向激励对象支付；对于未能解锁的限制性股票，甲公司在回购股票时应扣除激励对象已享有的该部分现金股利。2018年度，甲公司有4名管理人员离职，甲公司估计3年中离职的管理人员为10名，当年宣告发放现金股利为每股1元（限制性股票持有人享有同等分配权利）。下列关于2018年甲公司的会计处理中，正确的有（        ）。\nA.2018年1月1日不做任何账务处理\nB.2018年确认管理费用和资本公积——其他资本公积的金额为3 000万元\nC.2018年12月31日预计未来可解锁限制性股票持有者的现金股利为900万元\nD.2018年12月31日预计未来不可解锁限制性股票持有者的现金股利为100万元
2	2	请你扮演一位金融和会计领域专家，你会面临用户提出的一些问题，你要给出解决问题的思考过程和最终答案。你要首先在头脑中思考推理过程，然后向用户提供答案。最后，答案要用 $\boxed{答案}$的形式输出。\n问题：\nGiven the American terms for the Mexican Peso (MXP) and the Peruvian Nuevo Sol (PEN),\ndetermine the MXP/PEN bid-ask spread. (Note: Carry calculations to at least five decimal\nplaces.) Select the closest correct answer.\n$/MXP Bid Ask MXP 0.11001 - 0.00035 / MXP\n$/PEN Bid Ask PEN 0.28818 - 0.00100 / PEN\nA) MXP 2.62890 - 0.01740 PEN.\nB) MXP 0.03042 - 0.00254 PEN.\nC) MXP 2.61227 - 0.01740 PEN.\nD) MXP 0.38300 - 0.00254 PEN.\n
3	3	请你扮演一位金融和会计领域专家，你会面临用户提出的一些问题，你要给出解决问题的思考过程和最终答案。你要首先在头脑中思考推理过程，然后向用户提供答案。最后，答案要用 $\boxed{答案}$的形式输出。\n问题：\n下列各项中，属于纳税调整减少事项的有（ ）。\nA.一般企业以前年度未弥补亏损（前五年内）\nB.国债利息收入\nC.符合条件的居民企业之间的股息收益\nD.税收滞纳金
4	4	请你扮演一位金融和会计领域专家，你会面临用户提出的一些问题，你要给出解决问题的思考过程和最终答案。你要首先在头脑中思考推理过程，然后向用户提供答案。最后，答案要用 $\boxed{答案}$的形式输出。\n问题：\n关于财产清查结果的会计处理，下列说法中错误的是（　　）。\nA.财产清查产生的损溢，企业应于期末前查明原因，并根据企业的管理权限，经股东会或董事会，或经理（厂长）会议或类似机构批准后，在期末结账前处理完毕\nB.财产清查产生的损溢，如果在期末结账前尚未经批准，在对外提供财务报表时，先按相关规定进行处理，并在附注中作出说明，其后批准处理的金额与已处理的金额不一致的，调整财务报表相关项目的当期数\nC.对于财产清查中发现的问题，应核实情况，调查分析产生的原因\nD.根据“清查结果报告表”“盘点报告表”等数据资料，填制记账凭证，记入有关账簿，使账簿记录与实际盘存数相符
5	5	请你扮演一位金融和会计领域专家，你会面临用户提出的一些问题，你要给出解决问题的思考过程和最终答案。你要首先在头脑中思考推理过程，然后向用户提供答案。最后，答案要用 $\boxed{答案}$的形式输出。\n问题：\n甲公司2021年1月1日发行在外普通股股数为5000万股，2021年11月1日，甲公司发布增资配股公告，向截止到2021年11月30日（股权登记日）所有登记在册的老股东配股，配股比例为每10股配1股，配股价格为每股8元，除权交易基准日为2021年12月1日。假设行权前一日的市价为每股13元，本年度归属于普通股股东的净利润为12000万元。不考虑其他因素，甲公司2021年度基本每股收益为（　　）元/股。\nA.2.00\nB.2.10\nC.2.20\nD.2.30
6	6	请你扮演一位金融和会计领域专家，你会面临用户提出的一些问题，你要给出解决问题的思考过程和最终答案。你要首先在头脑中思考推理过程，然后向用户提供答案。最后，答案要用 $\boxed{答案}$的形式输出。\n问题：\n下列各项中，会导致留存收益总额发生增减变动的是（      ）。\nA.资本公积转增资本\nB.盈余公积补亏\nC.盈余公积转增资本\nD.以当年净利润弥补以前年度亏损
7	7	请你扮演一位金融和会计领域专家，你会面临用户提出的一些问题，你要给出解决问题的思考过程和最终答案。你要首先在头脑中思考推理过程，然后向用户提供答案。最后，答案要用 $\boxed{答案}$的形式输出。\n问题：\nWhich of the following statements is FALSE?\nA)\nThe interquartile range contains half the data points in the data set.\nB)\nThe interquartile range is set at half the distance between the largest and smallest number in the data set.\nC)\nIf the median is on the left side of the interquartile range the data is skewed to the left.\nD)\nDownside outliers are those observations below the first quartile less 1.5 times the interquartile range.\n
8	8	请你扮演一位金融和会计领域专家，你会面临用户提出的一些问题，你要给出解决问题的思考过程和最终答案。你要首先在头脑中思考推理过程，然后向用户提供答案。最后，答案要用 $\boxed{答案}$的形式输出。\n问题：\n甲公司属于增值税一般纳税人，销售和购买商品适用的增值税税率是 13％。2021 年 12 月初，甲公司“应付职工薪酬”科目贷方余额为 110 万元，该企业 2021 年 12 月发生职工薪酬业务如下：\n（1）5 日，结算上月应付职工薪酬时，甲公司代扣代缴职工个人所得税 2.5 万元，为职工垫付房租 7 万元。\n（2）25 日，甲公司财务部门发生固定资产日常修理费用 3 万元，全部为修理人员的职工薪酬。\n（3）31 日，分配本月货币性职工薪酬 123 万元。其中，直接生产产品人员工资 80 万元，车间管理人员工资 15 万元，企业行政管理人员工资 5 万元，专设销售机构人员工资20 万元，在建工程人员工资 3 万元。\n（4）31 日，企业以外购的 200 台空调作为本月销售人员的福利补贴并已发放。每台空调价格为 0.3 万元，增值税税额为 0.039 万元，款项以银行存款支付。\n要求：根据上述资料，不考虑其他因素，分析回答下列问题。（答案中的金额单位用万元表示）\n根据资料（4），下列各项中，关于甲公司发放空调的会计处理正确的是（ ）。\nA.借：应付职工薪酬  60\n应交税费——应交增值税（进项税额）  7.8\n贷：银行存款  67.8\nB.借：销售费用  67.8\n贷：银行存款  67.8\nC.借：销售费用  67.8\n贷：应付职工薪酬  67.8\n借：应付职工薪酬  67.8\n贷：库存商品  60\n应交税费——应交增值税（进项税额转出）  7.8\nD.借：销售费用  60\n应交税费——应交增值税（进项税额）  7.8\n贷：银行存款  67.8
9	9	请你扮演一位金融和会计领域专家，你会面临用户提出的一些问题，你要给出解决问题的思考过程和最终答案。你要首先在头脑中思考推理过程，然后向用户提供答案。最后，答案要用 $\boxed{答案}$的形式输出。\n问题：\nWhich one of the following is NOT consistent with AIMR's Performance Presentation Standards?\nA)\nCash and cash equivalents must be included in composite returns.\nB)\nAll actual, fee paying, discretionary portfolios should be included in at least one composite.\nC)\nInvestment performance is the record of the manager not the firm, all changes in personnel should be accounted for by adjusting the composite's performance history.\nD)\nPresentation of performance may be either gross or net of investment management fees, as long as the method and the fee schedule are disclosed.\n
10	10	请你扮演一位金融和会计领域专家，你会面临用户提出的一些问题，你要给出解决问题的思考过程和最终答案。你要首先在头脑中思考推理过程，然后向用户提供答案。最后，答案要用 $\boxed{答案}$的形式输出。\n问题：\nKwagmyre Investments, Ltd., hold two bonds: a callable bond issued by Mudd Manufacturing\nInc. and a putable bond issued by Precarious Builders. Both bonds have option adjusted\nspreads (OAS) of 135 basis points (bp). Kevin Grisly, a junior analyst at the firm, makes the\nfollowing statements (each statement is independent). Apparently, Grisly could benefit from a\nCFA review course, because the only statement that could be CORRECT is:\nA) Given a nominal spread for Precarious Builders of 110 bp, the option cost is -25 bp.\nB) The cost of the call option on the Mudd bond is -15bp.\nC) The Z-spread for Mudd's bond is based on the YTM.\nD)\nThe spread over the spot rates for a Treasury security similar to Mudd's bond is\n145 bp.\n
11	11	请你扮演一位金融和会计领域专家，你会面临用户提出的一些问题，你要给出解决问题的思考过程和最终答案。你要首先在头脑中思考推理过程，然后向用户提供答案。最后，答案要用 $\boxed{答案}$的形式输出。\n问题：\n甲公司20×3年1月2日取得乙公司30%的股权，并与其他投资方共同控制乙公司，甲公司、乙公司20×3年发生的下列交易或事项中，会对甲公司20×3年个别财务报表中确认对乙公司投资收益产生影响的有（　　）。\nA.乙公司股东大会通过发放股票股利的议案\nB.甲公司将成本为50万元的产品以80万元出售给乙公司作为固定资产\nC.投资时甲公司投资成本小于应享有乙公司可辨认净资产公允价值的份额\nD.乙公司将账面价值200万元的专利权作价360万元出售给甲公司作为无形资产
12	12	请你扮演一位金融和会计领域专家，你会面临用户提出的一些问题，你要给出解决问题的思考过程和最终答案。你要首先在头脑中思考推理过程，然后向用户提供答案。最后，答案要用 $\boxed{答案}$的形式输出。\n问题：\n甲公司和乙公司均为增值税一般纳税人，适用的增值税税率为13%。2×19年6月10日，甲公司以一台生产设备换入乙公司的一项专利权（符合免征增值税条件）。交换日，甲公司换出设备的账面原价为1 000万元，已计提折旧250万元，计提减值准备50万元，公允价值为800万元，换出该设备应缴纳的增值税税额为104万元，甲公司另向乙公司支付银行存款46万元。假定该交易具有商业实质，不考虑其他因素的影响，甲公司该项非货币性资产交换对当期损益的影响金额为（　　）万元。\nA.100\nB.150\nC.0\nD.250
13	13	请你扮演一位金融和会计领域专家，你会面临用户提出的一些问题，你要给出解决问题的思考过程和最终答案。你要首先在头脑中思考推理过程，然后向用户提供答案。最后，答案要用 $\boxed{答案}$的形式输出。\n问题：\nMatrix, Inc.__ common size income statement for the years ended December 31, 2000 and 2001\nincluded the following information ( in percent form based on net sales being 100 percent):\n2000 2001\nSales 100 100\nCost of Goods Sold (55) (60)\nGross Profit 45 40\nSelling General & Administrative (5) (5)\nDepreciation (7) (8)\nOperating Profit (EBIT) 33 37\nInterest Expense (15) (7)\nEarnings before Taxes 18 30\nIncome Tax Expense (7) (13)\nEarnings after Taxes 11 17\nAnalysis of this data indicates that from 2000 to 2001:\nA) cost per unit of inventory has increased.\nB) sales volume is steady.\nC) interest expense per dollar of sales has declined.\nD) tax rates have increased.\n
14	14	请你扮演一位金融和会计领域专家，你会面临用户提出的一些问题，你要给出解决问题的思考过程和最终答案。你要首先在头脑中思考推理过程，然后向用户提供答案。最后，答案要用 $\boxed{答案}$的形式输出。\n问题：\n下列资产中，属于企业资产范围的是（　　）。\nA.企业销售形成的一笔应收账款\nB.企业筹建期间发生的开办费\nC.企业盘亏的存货\nD.企业融资租出的一台设备
15	15	请你扮演一位金融和会计领域专家，你会面临用户提出的一些问题，你要给出解决问题的思考过程和最终答案。你要首先在头脑中思考推理过程，然后向用户提供答案。最后，答案要用 $\boxed{答案}$的形式输出。\n问题：\n下列关于所有者权益的表述中，错误的是（　　）。\nA.企业宣告分配现金股利会减少所有者权益\nB.企业宣告分配股票股利不会影响所有者权益\nC.企业以当年实现的利润弥补以前年度亏损时，作利润分配的相反分录\nD.企业提取的盈余公积可以用于弥补亏损
16	16	请你扮演一位金融和会计领域专家，你会面临用户提出的一些问题，你要给出解决问题的思考过程和最终答案。你要首先在头脑中思考推理过程，然后向用户提供答案。最后，答案要用 $\boxed{答案}$的形式输出。\n问题：\n下列等式中，（      ）能够正确反映试算平衡关系。\nA.全部账户本期借方发生额合计=全部账户本期贷方发生额合计\nB.全部账户借方期末（初）余额合计=全部账户贷方期末（初）余额合计\nC.负债类账户借方发生额合计=负债类账户贷方发生额合计\nD.资产类账户借方发生额合计=资产类账户贷方发生额合计
17	17	请你扮演一位金融和会计领域专家，你会面临用户提出的一些问题，你要给出解决问题的思考过程和最终答案。你要首先在头脑中思考推理过程，然后向用户提供答案。最后，答案要用 $\boxed{答案}$的形式输出。\n问题：\n甲公司库存A产成品的月初数量为1 000台，月初账面余额为8 000万元；A在产品的月初数量为400台，月初账面余额为600万元。当月10日完工一批A产成品，入库数量为2 000台，当日无在产品。月初至完工日为生产A产成品耗用原材料、发生直接人工和制造费用共计15 400万元，其中包括因台风灾害而发生的停工损失300万元。甲公司于当月12日销售A产成品2 500台。甲公司采用移动加权平均法计算发出A产成品的成本。不考虑其他因素，甲公司当月12日结存A产成品的账面余额为（      ）。\nA.4 710万元\nB.3 950万元\nC.4 000万元\nD.5 040万元
18	18	请你扮演一位金融和会计领域专家，你会面临用户提出的一些问题，你要给出解决问题的思考过程和最终答案。你要首先在头脑中思考推理过程，然后向用户提供答案。最后，答案要用 $\boxed{答案}$的形式输出。\n问题：\n下列各项不属于外购生产性生物资产的成本的是（    ）。\nA.运输费\nB.购买价款\nC.间接归属于购买生产性生物资产的其他支出\nD.保险费
19	19	请你扮演一位金融和会计领域专家，你会面临用户提出的一些问题，你要给出解决问题的思考过程和最终答案。你要首先在头脑中思考推理过程，然后向用户提供答案。最后，答案要用 $\boxed{答案}$的形式输出。\n问题：\nWhich of the following statements regarding price-weighted indexes is FALSE?\nA)\nAdjusting for stock splits places a downward bias on the index.\nB)\nSuccessful stocks will lose weight within the index due to simply splitting their stocks.\nC)\nIf you build your portfolio by buying an equal number of shares of each stock, you should measure your performance against a price-weighted index.\nD)\nFirms with greater market capitalization have a greater impact on the index than do firms with lower market capitalization.\n
20	20	请你扮演一位金融和会计领域专家，你会面临用户提出的一些问题，你要给出解决问题的思考过程和最终答案。你要首先在头脑中思考推理过程，然后向用户提供答案。最后，答案要用 $\boxed{答案}$的形式输出。\n问题：\n下列关于外币财务报表折算的会计处理正确的是（　　）。\nA.合并报表中各子公司之间实质上构成对另一子公司投资的外币货币性项目，产生的汇兑差额应由少数股东承担\nB.以母公司记账本位币反映的实质上构成对境外经营子公司净投资的外币货币性项目，其产生的汇兑差额在合并财务报表中应转入其他综合收益\nC.在合并财务报表中对境外经营子公司产生的外币报表折算差额应在归属于母公司的所有者权益中单列外币报表折算差额项目反映\nD.以母、子公司记账本位币以外的货币反映的实质上构成对境外经营子公司净投资的外币货币性项目，其产生的汇兑差额在合并财务报表中转入当期财务费用
21	21	请你扮演一位金融和会计领域专家，你会面临用户提出的一些问题，你要给出解决问题的思考过程和最终答案。你要首先在头脑中思考推理过程，然后向用户提供答案。最后，答案要用 $\boxed{答案}$的形式输出。\n问题：\n甲公司下列会计处理符合会计谨慎性要求的有（　　）。\nA.甲公司将附有强制付息义务的优先股确认为负债\nB.甲公司对其产品质量向保险公司投保，估计很可能得到的赔偿金额为 300 万元，甲公司将其确认为资产\nC.甲公司对应收账款计提坏账准备\nD.甲公司对销售的A产品估计的退货率为10%，并以此为基础确认预计负债
22	22	请你扮演一位金融和会计领域专家，你会面临用户提出的一些问题，你要给出解决问题的思考过程和最终答案。你要首先在头脑中思考推理过程，然后向用户提供答案。最后，答案要用 $\boxed{答案}$的形式输出。\n问题：\n甲、乙公司不存在关联方关系。2021年1月5日甲公司支付价款800万元取得乙公司30%股权，能够对乙公司实施重大影响。投资时乙公司可辨认净资产公允价值3 000万元。2021年12月31日，乙公司实现净利润300万元，宣告分派现金股利100万元。自投资之日起甲公司确认的投资收益为（    ）万元。\nA.130\nB.90\nC.120\nD.30
23	23	请你扮演一位金融和会计领域专家，你会面临用户提出的一些问题，你要给出解决问题的思考过程和最终答案。你要首先在头脑中思考推理过程，然后向用户提供答案。最后，答案要用 $\boxed{答案}$的形式输出。\n问题：\n2021年1月1日，甲公司发行50万股普通股作为对价取得乙公司30%的股权，对乙公司拥有重大影响，当日甲公司每股市价8元，为发行股票支付给证券发行机构的佣金及手续费等10万元，另支付法律服务、资产评估费等3万元。当日，乙公司可辨认净资产账面价值为1000万元，公允价值1500万元。甲公司与乙公司在交易前无关联方关系，不考虑其他因素，甲公司对乙公司股权投资的初始投资成本是（　　）万元。\nA.300\nB.400\nC.450\nD.403
24	24	请你扮演一位金融和会计领域专家，你会面临用户提出的一些问题，你要给出解决问题的思考过程和最终答案。你要首先在头脑中思考推理过程，然后向用户提供答案。最后，答案要用 $\boxed{答案}$的形式输出。\n问题：\n顺利公司本月发生如下经济业务：预收下月货款50万元；当月销售商品200万元，货款尚未收到；支付当期水电费5万元；支付上月未发放的职工薪酬20万元；按规定预交下月税费5万元。根据权责发生制和收付实现制，分别计算顺利公司本月的收入和费用为（　　）。\nA.权责发生制确认的收入为200万元\nB.权责发生制确认的费用为5万元\nC.收付实现制确认的收入为50万元\nD.收付实现制确认的费用为30万元
25	25	请你扮演一位金融和会计领域专家，你会面临用户提出的一些问题，你要给出解决问题的思考过程和最终答案。你要首先在头脑中思考推理过程，然后向用户提供答案。最后，答案要用 $\boxed{答案}$的形式输出。\n问题：\n甲公司20×9年度发生的有关交易或事项如下：\n（1）甲公司从其母公司处购入乙公司90%的股权，实际支付价款9 000万元，另发生相关交易费用45万元。合并日，乙公司净资产的账面价值为11 000万元，公允价值为12 000万元。甲公司取得乙公司90%股权后，能够对乙公司的财务和经营政策实施控制。\n（2）甲公司以发行500万股、每股面值为1元、每股市场价格为12元的本公司普通股作为对价取得丙公司25%的股权，发行过程中支付券商的佣金及手续费30万元。甲公司取得丙公司25%股权后，能够对丙公司的财务和经营政策施加重大影响。\n（3）甲公司按面值发行分期付息、到期还本的公司债券50万张，支付发行手续费25万元，实际取得价款4 975万元。该债券每张面值为100元，期限为5年，票面年利率为4%。\n（4）甲公司购入丁公司发行的公司债券25万张，实际支付价款2 485万元，另支付手续费15万元。丁公司债券每张面值为100元，期限为4年，票面年利率为3%。甲公司将持有的丁公司债券分类为以公允价值计量且其变动计入其他综合收益的金融资产。\n下列各项关于甲公司上述交易或事项发生的交易费用会计处理的表述中，正确的是（　　）。\nA.发行公司债券时支付的手续费直接计入当期损益\nB.购买丁公司债券时支付的手续费直接计入当期损益\nC.购买乙公司股权时发生的交易费用直接计入当期损益\nD.为购买丙公司股权发行普通股时支付的佣金及手续费直接计入当期损益
26	26	请你扮演一位金融和会计领域专家，你会面临用户提出的一些问题，你要给出解决问题的思考过程和最终答案。你要首先在头脑中思考推理过程，然后向用户提供答案。最后，答案要用 $\boxed{答案}$的形式输出。\n问题：\n2020年度，甲公司发生的相关交易或事项如下：\n（1）4月1日，甲公司收到先征后返的增值税240万元。\n（2）6月18日，甲公司以3 000万元的价格购买一栋已达到预定可使用状态的房屋，该房屋的预计使用年限为50年。当地政府为鼓励甲公司在当地投资，于同日拨付甲公司800万元，作为对甲公司取得房屋的补偿。\n（3）10月15日，甲公司收到当地政府追加的投资500万元。\n甲公司对固定资产采用年限平均法计提折旧，预计净残值为0。甲公司采用总额法对其取得的政府补助进行核算。不考虑其他因素，甲公司当年因上述交易或事项而确认的与政府补助相关的收益金额为（      ）。\nA.1 040万元\nB.8万元\nC.248万元\nD.240万元
27	27	请你扮演一位金融和会计领域专家，你会面临用户提出的一些问题，你要给出解决问题的思考过程和最终答案。你要首先在头脑中思考推理过程，然后向用户提供答案。最后，答案要用 $\boxed{答案}$的形式输出。\n问题：\n甲公司2021年自财政部门取得以下款项：（1）2月20日，收到拨来的以前年度已完成重点科研项目的经费补贴260万元；（2）6月20日，取得国家对公司进行扶改项目的支持资金3000万元，用于购置固定资产，相关资产于当年12月28日达到预定可使用状态，预计使用20年，采用年限平均法计提折旧；（3）12月30日，收到战略性新兴产业研究补贴4000万元，该项目至取得补贴款时已发生研究支出1600万元，预计项目结项前仍将发生研究支出2400万元。假定上述政府补助在2021年以前均未予确认，甲公司采用总额法核算政府补助。不考虑其他因素，甲公司2021年度因政府补助应确认的收益金额为（　　）万元。\nA.260\nB.1860\nC.4260\nD.4860
28	28	请你扮演一位金融和会计领域专家，你会面临用户提出的一些问题，你要给出解决问题的思考过程和最终答案。你要首先在头脑中思考推理过程，然后向用户提供答案。最后，答案要用 $\boxed{答案}$的形式输出。\n问题：\n2021年3月1日，甲公司从乙公司购入一台机器，实际支付买价1200万元，增值税税额为156万元，支付运杂费40万元（假定不考虑增值税），途中保险费116万元。该机器预计可使用4年，采用年数总和法计提折旧，预计无残值。2021年年末，由于市场需求变动，甲公司作出决议，于2022年1月以800万元的价格将该机器出售给丁公司公司，并与其签订了不可撤销的协议，假定交易过程中不发生相关税费，该资产满足划分为持有待售类别条件。下列关于甲公司2021年年末账务处理的表述中，正确的有（　　）。\nA.计提累计折旧406.8万元\nB.计提减值准备149.2万元\nC.确认营业外支出149.2万元\nD.调整后该机器的账面价值为800万元
29	29	请你扮演一位金融和会计领域专家，你会面临用户提出的一些问题，你要给出解决问题的思考过程和最终答案。你要首先在头脑中思考推理过程，然后向用户提供答案。最后，答案要用 $\boxed{答案}$的形式输出。\n问题：\n下列事项中，会导致所有者权益发生变动的是（      ）。\nA.宣告发放现金股利\nB.盈余公积补亏\nC.实际发放现金股利\nD.资本公积转增资本
30	30	请你扮演一位金融和会计领域专家，你会面临用户提出的一些问题，你要给出解决问题的思考过程和最终答案。你要首先在头脑中思考推理过程，然后向用户提供答案。最后，答案要用 $\boxed{答案}$的形式输出。\n问题：\n甲公司采用资产负债表债务法核算所得税，适用的所得税税率为25%，2021年财务报告批准报出日为2022年4月30日，2021年所得税汇算清缴于2022年4月30日完成。甲公司在2022年4月30日前发生下列有关经济业务：（1）2022年1月10日，甲公司向社会公众发行债券10 000万元。（2）2022年1月20日，甲公司支付2021年度财务报告审计费30万元。（3）2022年2月15日，法院终审判决甲公司赔偿乙公司损失50万元，当日，赔款已经支付。甲公司在2021年年末已确认预计负债40万元。（4）2022年3月8日，因产品质量原因，客户将2021年12月20日购入的一批商品全部退回，全部价款为300万元，成本为200万元。不考虑其他因素，下列有关甲公司对资产负债表日后事项的会计处理中，正确的是（　　）。\nA.法院终审判决赔偿损失，应在2021年资产负债表中调整增加预计负债10万元\nB.法院终审判决赔偿损失，应在2021年资产负债表中调整增加递延所得税资产2.5万元\nC.因商品退回，冲减2021年度利润表营业收入300万元、营业成本200万元\nD.因商品退回，冲减2022年度利润表营业收入300万元、营业成本200万元
31	31	请你扮演一位金融和会计领域专家，你会面临用户提出的一些问题，你要给出解决问题的思考过程和最终答案。你要首先在头脑中思考推理过程，然后向用户提供答案。最后，答案要用 $\boxed{答案}$的形式输出。\n问题：\n下列关于合营安排的表述中，正确的有（　　）。\nA.合营安排分为合营企业和共同经营\nB.当合营安排未通过单独主体达成时，该合营安排为合营企业\nC.当且仅当相关活动的决策要求集体控制该安排的参与方一致同意时，才存在共同控制\nD.仅享有保护性权力的参与方不享有共同控制
32	32	请你扮演一位金融和会计领域专家，你会面临用户提出的一些问题，你要给出解决问题的思考过程和最终答案。你要首先在头脑中思考推理过程，然后向用户提供答案。最后，答案要用 $\boxed{答案}$的形式输出。\n问题：\nA restrictive monetary policy will have what long-run effects on the following variables,\nrespectively?\nI II III\ninflation real output and employment real interest rate\nA) decrease, decrease, decrease.\nB) decrease, no change, no change.\nC) increase, no change, increase.\nD) increase, increase, increase.\n
33	33	请你扮演一位金融和会计领域专家，你会面临用户提出的一些问题，你要给出解决问题的思考过程和最终答案。你要首先在头脑中思考推理过程，然后向用户提供答案。最后，答案要用 $\boxed{答案}$的形式输出。\n问题：\n下列关于可转换公司债券的表述中，正确的有（      ）。\nA.附有赎回选择权的可转换公司债券在赎回日若需支付利息补偿金，应在债券发行日至约定赎回届满日期间计提\nB.可转换公司债券属于复合金融工具，在初始确认时需将负债成分和权益成分进行分拆\nC.可转换公司债券属于金融负债\nD.发行时发生的交易费用应当在负债成分和权益成分之间按照各自的相对公允价值比例进行分摊
34	34	请你扮演一位金融和会计领域专家，你会面临用户提出的一些问题，你要给出解决问题的思考过程和最终答案。你要首先在头脑中思考推理过程，然后向用户提供答案。最后，答案要用 $\boxed{答案}$的形式输出。\n问题：\nReturn on equity equals:\nA) (sales/Equity)(EAT/Sales).\nB) (after tax profit margin)(Total asset turnover)(Assets to equity).\nC)\n[(pre-interest Profit margin)(asset turnover) - (interest expense)](leverage)(tax\nretention).\nD) all of these choices are correct.\n
35	35	请你扮演一位金融和会计领域专家，你会面临用户提出的一些问题，你要给出解决问题的思考过程和最终答案。你要首先在头脑中思考推理过程，然后向用户提供答案。最后，答案要用 $\boxed{答案}$的形式输出。\n问题：\n甲公司和乙公司是同一母公司最终控制下的两家公司。2021年1月1日，甲公司向其母公司发行1 000万股普通股，该普通股每股面值为1元，每股的公允价值为3.6元。取得母公司拥有乙公司80%的股权，于当日起能够对乙公司实施控制。合并后乙公司维持其独立法人地位继续经营。合并日母公司合并报表中，乙公司的净资产账面价值为4 000万元，公允价值为4 200万元。假定合并前双方采用的会计政策及会计期间均相同。不考虑其他因素，下列有关甲公司合并日所作账务处理的说法正确的是（　　）。\nA.该长期股权投资的初始投资成本为4 000万元\nB.该长期股权投资的初始投资成本为3 200万元\nC.贷方登记“实收资本”科目1 000万元\nD.借方登记“股本”科目1 000万元
36	36	请你扮演一位金融和会计领域专家，你会面临用户提出的一些问题，你要给出解决问题的思考过程和最终答案。你要首先在头脑中思考推理过程，然后向用户提供答案。最后，答案要用 $\boxed{答案}$的形式输出。\n问题：\n甲公司为一家影视文化传播公司，2019年1月1日，甲公司授权乙公司在其生产设计的文具上（包括笔记本、文具盒等），使用印有甲公司2019年所制作发行电视连续剧的海报图片等，授权期限为2年。此外，合同约定，甲公司收取的合同对价由两部分构成，一是50万元的固定金额的使用费，二是每年按照乙公司销售上述商品销售额的5％计算的提成。甲公司2019年制作发行的电视剧不少于5部，乙公司根据以往经验预计，甲公司2019年所制作发行的电视剧将会引起收视热潮。甲公司2019年一次性收入乙公司支付的50万元的固定金额使用费，乙公司2019年销售特许产品文具已确认的收入金额为1 000万元。假设甲公司授予的该项知识产权许可构成单项履约义务。则下列关于甲公司2019年有关确认收入的表述正确的有（    ）。\nA.甲公司收取的50万元固定金额使用费，应当在收到时点一次确认为收入\nB.甲公司基于乙公司销售额收取的提成收入，应当在乙公司实际销售完成时确认为收入\nC.2019年甲公司该笔业务应当确认的收入金额为75万元\nD.甲公司应当将该笔业务作为在某一时段内履行的履约义务
37	37	请你扮演一位金融和会计领域专家，你会面临用户提出的一些问题，你要给出解决问题的思考过程和最终答案。你要首先在头脑中思考推理过程，然后向用户提供答案。最后，答案要用 $\boxed{答案}$的形式输出。\n问题：\n甲公司拥有联营企业乙公司35%的股权，拟出售30%的股权，甲公司持有剩余的5%股权，且对被投资方不具有重大影响。另甲公司拥有合营企业丙公司50%的股权，拟出售35%的股权,甲公司持有剩余的15%股权，且对被投资方不具有共同控制或重大影响。二者均符合划分为持有待售类别的条件，下列表述正确的有（　　）。\nA.甲公司应当将拟出售乙公司的30%股权划分为持有待售类别，不再按权益法核算\nB.甲公司将持有乙公司剩余5%的股权在前述30%的股权处置前，应当采用权益法进行会计处理\nC.甲公司应当将拟出售丙公司的35%股权划分为持有待售类别，不再按权益法核算\nD.甲公司应当将丙公司剩余15%的股权在前述35%的股权处置前，应当采用权益法进行会计处理
38	38	请你扮演一位金融和会计领域专家，你会面临用户提出的一些问题，你要给出解决问题的思考过程和最终答案。你要首先在头脑中思考推理过程，然后向用户提供答案。最后，答案要用 $\boxed{答案}$的形式输出。\n问题：\nOn December 31, 2000 Upward Company executed a 10-year lease with annual payments of\n$400,000 beginning December 31, 2001 for factory equipment. The economic life of the\nequipment was 15 years. The interest rate implicit in the leas e was 7 percent. Upward__\nincremental borrowing rate was 9 percent. Under the terms of the lease, Upward may\npurchase the equipment at the end of the lease at the then-current fai r market value of the\nequipment. The fair market value of the equipment on December 31, 2000 was $3,200,000.\nIn its Statement of Cash Flows for the year ended December 31, 2001 Upward should include\nthe following related to the above transaction:\nA) cash flow from operations of -$196,660, cash flow from financing of -$203,340.\nB) cash flow from operations of $400,000.\nC) cash flow from operations of -$231,036, cash flow from financing of -$168,964.\nD) cash flow from operations of -$224,000, cash flow from financing of -$176,000.\n
39	39	请你扮演一位金融和会计领域专家，你会面临用户提出的一些问题，你要给出解决问题的思考过程和最终答案。你要首先在头脑中思考推理过程，然后向用户提供答案。最后，答案要用 $\boxed{答案}$的形式输出。\n问题：\n按照现行会计准则规定，下列各项中，涉及公允价值计量的资产或负债的有（　　）。\nA.存货期末计量中的可变现净值\nB.以公允价值进行后续计量的投资性房地产\nC.以非货币性资产形式取得的政府补助\nD.以公允价值计量且其变动计入当期损益的金融负债
40	40	请你扮演一位金融和会计领域专家，你会面临用户提出的一些问题，你要给出解决问题的思考过程和最终答案。你要首先在头脑中思考推理过程，然后向用户提供答案。最后，答案要用 $\boxed{答案}$的形式输出。\n问题：\n关于固定资产入账价值的确定，下列说法中不正确的有（      ）。\nA.企业接受投资者投入的固定资产，按固定资产的公允价值，借记“固定资产”科目，贷记“实收资本”（或“股本”）等科目\nB.同一控制下的企业合并，合并方企业在企业合并中取得的固定资产，公允价值能够可靠计量的，应当按照合并日在被合并方企业的公允价值计量\nC.企业外购固定资产的成本，包括购买价款、相关税费 、使固定资产达到预定可使用状态前所发生的可归属于该项资产的运输费、装卸费、安装费和专业人员服务费等\nD.对存在弃置义务的固定资产，应在取得固定资产时，按预计弃置费用，借记“固定资产”科目，贷记“预计负债”科目
41	41	请你扮演一位金融和会计领域专家，你会面临用户提出的一些问题，你要给出解决问题的思考过程和最终答案。你要首先在头脑中思考推理过程，然后向用户提供答案。最后，答案要用 $\boxed{答案}$的形式输出。\n问题：\n下列个人或企业中，与甲公司没有构成关联方关系的是（      ）。\nA.甲公司与丙公司，甲公司对丙公司具有重大影响\nB.甲公司与其共同控制合营企业的乙公司\nC.甲公司与其董事会秘书的丈夫张三\nD.甲公司与其主要投资者王某控制的丁公司
42	42	请你扮演一位金融和会计领域专家，你会面临用户提出的一些问题，你要给出解决问题的思考过程和最终答案。你要首先在头脑中思考推理过程，然后向用户提供答案。最后，答案要用 $\boxed{答案}$的形式输出。\n问题：\n甲公司和乙公司均为增值税一般纳税人，适用的增值税税率为13％，发生的下列交易事项中，假设均具有商业实质，按非货币性资产交换准则进行会计处理的是（   ）。\nA.甲公司以一批存货，与乙公司交换其持有丙公司的一项债权\nB.甲公司以一栋公允价值为2 000万元的厂房（增值税税率9%），换取乙公司一项公允价值为1 800万元高新专利技术（增值税税率为6%），同时甲公司收到补价272万元\nC.甲公司发行公允价值为1 000万元的股票，以换取乙公司一批公允价值为1 000万元的存货\nD.甲公司以公允价值为1 000万元的一台设备以及一项公允价值为200万元的商品使用权，换取乙公司一宗公允价值为1 600万元的土地使用权，并支付补价400万元
43	43	请你扮演一位金融和会计领域专家，你会面临用户提出的一些问题，你要给出解决问题的思考过程和最终答案。你要首先在头脑中思考推理过程，然后向用户提供答案。最后，答案要用 $\boxed{答案}$的形式输出。\n问题：\nP Company and C Company are under contract to build identical buildings for Blue, Inc. on\nopposite sides of Blue__ market territory. Each contract is for three years for a total contract\nprice of $90 million. Each company__ costs are expected to be $60 million over the course of\nthe contract. In the contract__ first year, 2001, eac h company incurred $20 million in costs,\nissued advance billings of $15 million, and collected $10 million in cash.\nIf P Company used the percentage-of-completion method and C Company used the\ncompleted contract method to account for the Blue, Inc. proj ect in 2001, P Company__ retai ned\nearnings will be:\nA) $5 million higher than Company C's retained earnings.\nB)\nthe same as Company C's retained earnings because both company's billings were\nless than costs.\nC) $5 million lower than Company C's retained earnings.\nD) $10 million higher than Company C's retained earnings.\n
44	44	请你扮演一位金融和会计领域专家，你会面临用户提出的一些问题，你要给出解决问题的思考过程和最终答案。你要首先在头脑中思考推理过程，然后向用户提供答案。最后，答案要用 $\boxed{答案}$的形式输出。\n问题：\n2020年3月1日，甲公司为购建厂房借入专门借款6 000万元，借款期限2年，年利率10%。2020年4月1日，甲公司购建活动开始并向施工方支付了第一笔款项2 000万元。在施工过程中，甲公司与施工方发生了质量纠纷，施工活动从2020年7月1日起发生中断。2020年12月1日，质量纠纷得到解决，施工活动恢复。假定甲公司闲置借款资金均用于固定收益债券短期投资，月收益率为0.5%。甲公司该在建厂房2020年度资本化的利息费用为（　　）万元。\nA.200\nB.120\nC.320\nD.340
45	45	请你扮演一位金融和会计领域专家，你会面临用户提出的一些问题，你要给出解决问题的思考过程和最终答案。你要首先在头脑中思考推理过程，然后向用户提供答案。最后，答案要用 $\boxed{答案}$的形式输出。\n问题：\nUsing the following assumptions, calculate the stock price at which investors Helen Alba, who\nshorts the stock on margin, and Kobin Lubis, who purchases the stock on margin, will receive\na margin call.\n_ Market Price Per Share: $42\n_ Number of Shares Purchased: 1,000\n_ Holding Period: 1 year\n_ Ending Share Price: $50\n_ Initial Margin Requi rement: 45%\n_ Maintenance margin: 30%\n_ Transaction and borrowing cost: $0\nWhich of the following choices is closest to the correct answer? Alba will receive a margin call\nat a stock price of:\nA) $33.00 and Lubis will receive a margin call at a stock price of $37.66.\nB) $33.00 and Lubis will receive a margin call at a stock price of $53.45.\nC) $46.85 and Lubis will receive a margin call at a stock price of $33.00.\nD) $37.66 and Lubis will receive a margin call at a stock price of $53.45.\n
46	46	请你扮演一位金融和会计领域专家，你会面临用户提出的一些问题，你要给出解决问题的思考过程和最终答案。你要首先在头脑中思考推理过程，然后向用户提供答案。最后，答案要用 $\boxed{答案}$的形式输出。\n问题：\n2022年1月1日，承租人甲公司与乙公司签订了一份机器租赁合同。当日，乙公司将该机器提供给甲公司开始使用。合同约定，租期10年，租金于每年年末支付，并按以下方式确定：第1年，租金是可变的，根据该机器在第1年下半年的实际产能确定；第2至10年，每年的租金根据该机器在第l年下半年的实际产能确定，即，租金将在第l年末转变为固定付款额。在租赁期开始日，甲公司无法确定租赁内含利率，其增量借款利率为5%。假设在第1年末，根据该机器在第1年下半年的实际产能所确定的租赁付款额为每年2万元。不考虑其他因素，下列有关甲公司的会计处理，正确的是（　　）。[已知（P/A，5%，9）=7.1078，（P/A，5%，10）=7.7217]\nA.在租赁期开始日，甲公司应确认租赁负债的金额为15.44万元\nB.2022年12月31日，租赁负债的账面价值为14.22万元\nC.2022年12月31日，甲公司支付的租金应当冲减租赁负债的账面价值\nD.2022年12月31日，甲公司应重新计量租赁负债，并采用修订后的折现率进行折现
47	47	请你扮演一位金融和会计领域专家，你会面临用户提出的一些问题，你要给出解决问题的思考过程和最终答案。你要首先在头脑中思考推理过程，然后向用户提供答案。最后，答案要用 $\boxed{答案}$的形式输出。\n问题：\n下列有关企业合并的表述中，正确的是（    ）。\nA.母公司在不丧失控制权的情况下部分处置对子公司的长期股权投资，在合并财务报表中处置价款与处置长期股权投资相对应享有子公司可辨认净资产的差额应当计入投资收益\nB.对于非同一控制下多次交易实现的企业合并，合并报表中应确认的商誉，要通过比较各单项交易的总成本与购买日应享有的被投资单位可辨认净资产公允价值份额进行确定\nC.对于同一控制下的企业合并，不产生新的商誉\nD.非同一控制下企业合并，合并中取得的有关可辨认资产、负债公允价值只能暂时确定的，购买方不应以暂时价值为基础对企业合并进行确认和计量
48	48	请你扮演一位金融和会计领域专家，你会面临用户提出的一些问题，你要给出解决问题的思考过程和最终答案。你要首先在头脑中思考推理过程，然后向用户提供答案。最后，答案要用 $\boxed{答案}$的形式输出。\n问题：\n公司适用的所得税税率为25%，2×18年末，公司持有MASON公司30%股权并具有重大影响，采用权益法核算，其初始投资成本为3 000万元。截至2×18年12月31日，公司该股权投资的账面价值为4 140万元，其中，因MASON公司2×18年实现净利润，公司按持股比例计算确认增加的长期股权投资账面价值900万元，因MASON公司持有的以公允价值计量且其变动计入其他综合收益的金融资产（不属于非交易性权益工具投资）本年公允价值变动增加的其他综合收益，公司按持股比例计算确认增加的长期股权投资账面价值240万元。公司计划于2×19年出售该项股权投资，出售计划已经股东大会批准，预计2×19年3月办理完毕相关资产过户手续，售价为7 800万元。2×18年12月31日，公司将其划分为持有待售非流动资产。税法规定，居民企业间的股息、红利免税。不考虑其他因素，公司2×18年末有关所得税的会计处理中，正确的有（    ）。\nA.长期股权投资的账面价值为4 140万元、计税基础为3 000万元\nB.确认递延所得税负债285万元\nC.确认所得税费用285万元\nD.递延所得税计入其他综合收益的金额为－60万元
49	49	请你扮演一位金融和会计领域专家，你会面临用户提出的一些问题，你要给出解决问题的思考过程和最终答案。你要首先在头脑中思考推理过程，然后向用户提供答案。最后，答案要用 $\boxed{答案}$的形式输出。\n问题：\n甲公司于2019年1月1日购入某公司于当日发行的4年期、面值总额为3 000万元，一次还本、分期付息的公司债券，公司将其划分为以摊余成本计量的金融资产，分别于每年的1月5日支付上年度利息，票面年利率为5%，实际支付价款为3 100万元；另支付交易费用5万元，实际利率为4%。2020年12月31日甲公司该批债券的预计未来现金流量现值为2 500万元，假定不考虑其他因素，则甲公司在2020年末应确认的减值金额为（　　）。\nA.451.57万元\nB.552.37万元\nC.456.74 万元\nD.382.67万元
50	50	请你扮演一位金融和会计领域专家，你会面临用户提出的一些问题，你要给出解决问题的思考过程和最终答案。你要首先在头脑中思考推理过程，然后向用户提供答案。最后，答案要用 $\boxed{答案}$的形式输出。\n问题：\n下列各项关于变更记账本位币会计处理的表述中，正确的是（      ）。\nA.记账本位币变更日，所有者权益项目按照历史汇率折算为变更后的记账本位币\nB.记账本位币变更日，资产负债项目按照当日的即期汇率折算为变更后的记账本位币\nC.记账本位币变更当年年初至变更日的利润表项目按照交易发生日的即期汇率折算为变更后的记账本位币\nD.记账本位币变更当年年初至变更日的现金流量表项目按照与交易发生日即期汇率近似的汇率折算为变更后的记账本位币
51	51	请你扮演一位金融和会计领域专家，你会面临用户提出的一些问题，你要给出解决问题的思考过程和最终答案。你要首先在头脑中思考推理过程，然后向用户提供答案。最后，答案要用 $\boxed{答案}$的形式输出。\n问题：\n下列各项中，应在资产负债表“应付账款”项目列示的有（ ）。\nA.“应付票据”科目所属明细科目的贷方余额\nB.“预付账款”科目所属明细科目的贷方余额\nC.“应付账款”科目所属明细科目的贷方余额\nD.“应付账款”科目所属明细科目的借方余额
52	52	请你扮演一位金融和会计领域专家，你会面临用户提出的一些问题，你要给出解决问题的思考过程和最终答案。你要首先在头脑中思考推理过程，然后向用户提供答案。最后，答案要用 $\boxed{答案}$的形式输出。\n问题：\n经海公司2021年11月发生消费税10万元，实际缴纳消费税10万元，缴纳增值税20万元，已知城市维护建设税的征收比率为7%，教育费附加的征收比率为3%。经海公司本月应当计入税金及附加的金额为（ ）万元。\nA.20\nB.13\nC.3\nD.33
53	53	请你扮演一位金融和会计领域专家，你会面临用户提出的一些问题，你要给出解决问题的思考过程和最终答案。你要首先在头脑中思考推理过程，然后向用户提供答案。最后，答案要用 $\boxed{答案}$的形式输出。\n问题：\n2×18年1月1日，甲公司从非关联方购入乙公司60%股权，能够对乙公司的财务和经营决策实施控制。除乙公司外，甲公司无其他子公司。2×18年度，乙公司按照购买日可辨认净资产公允价值为基础计算实现的本年净利润为2 400万元，无其他所有者权益变动。2×18年末，甲公司合并财务报表中少数股东权益为960万元。2×19年度，乙公司按购买日可辨认净资产公允价值为基础计算的净亏损为5 400万元，无其他所有者权益变动。2×19年末，甲公司个别财务报表中所有者权益总额为9 600万元。不考虑其他因素，下列各项关于合并财务报表列报的表述中，正确的有（　　）。\nA.2×18年度少数股东损益为960万元\nB.2×19年度少数股东损益为－2 160万元\nC.2×19年12月31日少数股东权益为0\nD.2×19年12月31日归属于母公司股东权益为7 800万元
54	54	请你扮演一位金融和会计领域专家，你会面临用户提出的一些问题，你要给出解决问题的思考过程和最终答案。你要首先在头脑中思考推理过程，然后向用户提供答案。最后，答案要用 $\boxed{答案}$的形式输出。\n问题：\n2×20年，甲公司发生的有关交易或事项如下：（1）甲公司以其生产的产品作为奖品，奖励给20名当年度被评为优秀的生产工人。上述产品的销售价格总额为500万元，销售成本为420万元；（2）根据甲公司确定的利润分享计划，以当年度实现的利润总额为基础，计算的应支付给管理人员利润分享金额为280万元；（3）甲公司于当年起对150名管理人员实施累积带薪年休假制度，每名管理人员每年可享受7个工作日的带薪年休假，未使用的年休假只能向后结转一个日历年度，超过1年未使用的权利作废，也不能得到任何现金补偿。2×20年，有10名管理人员每人未使用带薪年休假2天，预计2×21年该10名管理人员将每人休假9天。甲公司平均每名管理人员每个工作日的工资为300元。不考虑相关税费及其他因素，下列各项关于甲公司上述职工薪酬会计处理的表述中，正确的是（　　）。\nA.将自产的产品作为奖品发放应按420万元确认应付职工薪酬\nB.2×20年应确认10名管理人员未使用带薪年休假费用0.6万元并计入管理费用\nC.根据利润分享计划计算的2×20年应支付给管理人员的280万元款项应作为利润分配处理\nD.2×20年应从工资费用中扣除已享受带薪年休假权利的140名管理人员的工资费用29.4万元
55	55	请你扮演一位金融和会计领域专家，你会面临用户提出的一些问题，你要给出解决问题的思考过程和最终答案。你要首先在头脑中思考推理过程，然后向用户提供答案。最后，答案要用 $\boxed{答案}$的形式输出。\n问题：\n甲公司销售商品产生应收乙公司货款1200万元，因乙公司资金周转困难，逾期已1年以上尚未支付，甲公司就该债权计提了240万元坏账准备。2×18年10月20日，双方经协商达成以下协议：乙公司以其生产的100件丙产品和一项应收银行承兑汇票偿还所欠甲公司货款。乙公司用以偿债的丙产品单件成本为5万元，市场价格（不含增值税）为8万元，银行承兑汇票票面金额为120万元。10月25日，甲公司收到乙公司的100件丙产品及银行承兑汇票，乙公司向甲公司开具了增值税专用发票，双方债权债务结清。甲、乙公司均为增值税一般纳税人，适用增值税税率均为13%。不考虑其他因素，下列各项关于甲公司该项交易会计处理的表述中，正确的有（  ）。\nA.确认债务重组损失144万元\nB.确认增值税进项税额80万元\nC.确认丙产品入账价值800万元\nD.确认应收票据入账价值120万元
56	56	请你扮演一位金融和会计领域专家，你会面临用户提出的一些问题，你要给出解决问题的思考过程和最终答案。你要首先在头脑中思考推理过程，然后向用户提供答案。最后，答案要用 $\boxed{答案}$的形式输出。\n问题：\n2021年4月1日，某企业向银行借入一笔短期借款1 000 000元，期限为6个月，年利率6%，到期还本，利息按月计提、按季支付。2021年6月末，该企业短期借款利息的会计处理正确的是（　　）。\nA.借：财务费用　10 000\n应付利息　5 000\n贷：银行存款　15 000\nB.借：财务费用　10 000\n贷：银行存款　10 000\nC.借：财务费用　5 000\n应付利息　10 000\n贷：银行存款　15 000\nD.借：财务费用　5 000\n贷：银行存款　5 000
57	57	请你扮演一位金融和会计领域专家，你会面临用户提出的一些问题，你要给出解决问题的思考过程和最终答案。你要首先在头脑中思考推理过程，然后向用户提供答案。最后，答案要用 $\boxed{答案}$的形式输出。\n问题：\n下列关于估值技术的表述中，错误的是（　　）。\nA.企业使用估值技术的目的是估计市场参与者在计量日当前市场情况下的有序交易中出售资产或者转移负债的价格\nB.市场技术通常包括市场法、收益法和成本法，企业在确定相关资产或负债的公允价值时，应按顺序选择上述三种估值方法\nC.企业在应用估值技术估计相关资产或负债的公允价值时，应当根据可观察的市场信息定期校准估值模型\nD.企业在公允价值计量中使用的估值技术一经确定，不得随意变更
58	58	请你扮演一位金融和会计领域专家，你会面临用户提出的一些问题，你要给出解决问题的思考过程和最终答案。你要首先在头脑中思考推理过程，然后向用户提供答案。最后，答案要用 $\boxed{答案}$的形式输出。\n问题：\nClair Boschart is prepari ng for her CFA study group__ discussion of the security market line\n(SML). She asks her co-worker, a fellow CFA candidate, to review her summary of points.\nWhich of the following statements does the co-worker identify as INCORRECT? If:\nA) risk perception increases, the SML will rotate counterclockwise.\nB) inflation expectations increase, the SML will experience an upward parallel shift.\nC) economic growth decreases, the SML will experience an upward parallel shi ft.\nD) the capital markets tighten, the SML will experience an upward parallel shift.\n
59	59	请你扮演一位金融和会计领域专家，你会面临用户提出的一些问题，你要给出解决问题的思考过程和最终答案。你要首先在头脑中思考推理过程，然后向用户提供答案。最后，答案要用 $\boxed{答案}$的形式输出。\n问题：\n日后期间发生的下列事项中属于非调整事项的有（      ）。\nA.资产负债表日后发生重大诉讼\nB.分配股票股利\nC.处置子公司\nD.发生巨额亏损
60	60	请你扮演一位金融和会计领域专家，你会面临用户提出的一些问题，你要给出解决问题的思考过程和最终答案。你要首先在头脑中思考推理过程，然后向用户提供答案。最后，答案要用 $\boxed{答案}$的形式输出。\n问题：\n下列各项关于稀释每股收益的表述中，正确的有（　　）。\nA.亏损企业发行的行权价格低于当期普通股平均市场价格的股票期权具有稀释性\nB.对多项潜在普通股，稀释性潜在普通股应当按照其稀释程度从小到大的顺序计入稀释每股收益，直至稀释每股收益达到最小值\nC.盈利企业持有的增量每股收益小于当期基本每股收益的认股权证具有稀释性\nD.亏损企业签订的回购价格高于当期普通股平均市场价格的股份回购合同具有反稀释性
61	61	请你扮演一位金融和会计领域专家，你会面临用户提出的一些问题，你要给出解决问题的思考过程和最终答案。你要首先在头脑中思考推理过程，然后向用户提供答案。最后，答案要用 $\boxed{答案}$的形式输出。\n问题：\n2×19年7月1日，甲公司向银行借入3000万元，借款期限2年，年利率4%（类似贷款的市场年利率为5%），该贷款专门用于甲公司办公楼的建造。2×19年10月1日，办公楼开始实体建造，甲公司支付工程款600万元。2×20年1月1日、2×20年7月1日又分别支付工程款1500万元、800万元。2×20年10月31日，经甲公司验收，办公楼达到预定可使用状态。2×20年12月31日，甲公司开始使用该办公楼。不考虑其他因素，下列各项关于甲公司建造办公楼会计处理的表述中，正确的是（　　）。\nA.借款费用开始资本化的时间为2×19年7月1日\nB.借款费用应予资本化的期间为2×19年7月1日至2×20年12月31日止\nC.按借款本金3000万元、年利率4%计算的利息金额作为应付银行的利息金额\nD.按借款本金3000万元、年利率4%计算的利息金额在资本化期间内计入建造办公楼的成本
62	62	请你扮演一位金融和会计领域专家，你会面临用户提出的一些问题，你要给出解决问题的思考过程和最终答案。你要首先在头脑中思考推理过程，然后向用户提供答案。最后，答案要用 $\boxed{答案}$的形式输出。\n问题：\n下列各项中关于行政事业单位“零余额账户用款额度”科目的表述正确的是（　　）。\nA.该科目年末应无余额\nB.该科目属于负债科目\nC.借方登记收到财政直接支付到账额度\nD.贷方登记财政授权支付到账额度
63	63	请你扮演一位金融和会计领域专家，你会面临用户提出的一些问题，你要给出解决问题的思考过程和最终答案。你要首先在头脑中思考推理过程，然后向用户提供答案。最后，答案要用 $\boxed{答案}$的形式输出。\n问题：\nWhich of the following statements about portfolio diversification is TRUE?\nA)\nBecause diversi fication reduces the port folio's total risk, it necessarily reduces the\nport folio's return.\nB)\nNinety-five percent of the risk reducing benefits of diversification occurs when\napproximately 20 individual securities have been added to the portfolio.\nC) Proper diversification can reduce or eliminate a portfolio's nonsystematic risk.\nD) Proper diversification can reduce or eliminate a portfolio's systematic risk.\n
64	64	请你扮演一位金融和会计领域专家，你会面临用户提出的一些问题，你要给出解决问题的思考过程和最终答案。你要首先在头脑中思考推理过程，然后向用户提供答案。最后，答案要用 $\boxed{答案}$的形式输出。\n问题：\n2018年1月1日，甲公司为乙公司的1 000万元债务中的60％提供担保。2018年6月1日，乙公司因无力偿还到期债务被债权人起诉。至2018年12月31日，法院尚未作出判决。经咨询律师，甲公司认为有60％的可能性需要承担全部保证责任并承担诉讼费用４万元。2019年2月10日，法院作出判决，甲公司需要承担全部的担保责任和诉讼费用。甲公司表示服从法院判决，于当日履行了担保责任，并支付了4万元的诉讼费用。甲公司2018年财务报告于2019年2月20日经董事会批准报出。不考虑其他因素，下列关于甲公司对该事项的会计处理中，正确的有（　　）。\nA.在2019年实际支付担保款项时才需进行会计处理\nB.在2018年的利润表中将预计的诉讼费用4万元确认为管理费用\nC.在2018年的利润表中确认营业外支出600万元\nD.在2018年的财务报表附注中披露或有负债600万元
65	65	请你扮演一位金融和会计领域专家，你会面临用户提出的一些问题，你要给出解决问题的思考过程和最终答案。你要首先在头脑中思考推理过程，然后向用户提供答案。最后，答案要用 $\boxed{答案}$的形式输出。\n问题：\n甲公司2018年1月1日，从银行借入100万元的短期借款，以满足季节性生产对资金的需求，该借款期限为6个月，年利率为3.6%（与实际利率一致），月末计息，分季付息。下列各项中，该公司会计处理正确的是（      ）。\nA.2018年1月31日计提利息时，借记“财务费用”0.3  贷记“短期借款”0.3\nB.2018年6月30日计提利息时，借记“财务费用”0.9  贷记“应付利息”0.9\nC.2018年1月1日从银行借入短期借款时，借记“银行存款”100  贷记“短期借款”100\nD.2018年1月31日，计提利息时，借记“管理费用”0.3  贷记“应付利息”0.3
66	66	请你扮演一位金融和会计领域专家，你会面临用户提出的一些问题，你要给出解决问题的思考过程和最终答案。你要首先在头脑中思考推理过程，然后向用户提供答案。最后，答案要用 $\boxed{答案}$的形式输出。\n问题：\n20×1年度，甲公司发生的相关交易或事项如下：(1)4月1日，甲公司收到先征后返的增值税600万元。(2)6月30日，甲公司以8 000万元的拍卖价格取得一栋已达到预定可使用状态的房屋，该房屋的预计使用年限为50年。当地政府为鼓励甲公司在当地投资，于同日拨付甲公司2 000万元，作为对甲公司取得房屋的补偿。(3)8月1日，甲公司收到政府拨付的300万元款项，用于正在建造的新型设备。至12月31日，该设备仍处于建造过程中。(4)10月10日，甲公司收到当地政府追加的投资500万元。甲公司按年限平均法对固定资产计提折旧。已知甲公司对取得的政府补助采用总额法核算。下列各项关于甲公司上述交易或事项会计处理的表述中，正确的是(　　)。\nA.收到政府拨付的房屋补助款应冲减所取得房屋的成本\nB.收到先征后返的增值税应确认为与收益相关的政府补助\nC.收到政府追加的投资应确认为递延收益并分期计入损益\nD.收到政府拨付用于新型设备的款项应冲减设备的建造成本
67	67	请你扮演一位金融和会计领域专家，你会面临用户提出的一些问题，你要给出解决问题的思考过程和最终答案。你要首先在头脑中思考推理过程，然后向用户提供答案。最后，答案要用 $\boxed{答案}$的形式输出。\n问题：\nThomas Otto is an associate in the strategic consulting group for a medium-sized\nmanufacturing company. Historically, the firm has financed projects using internal equity funds.\nThe company is approaching the retained earnings break-even point, and the group__\nExecutive Vice President asks Otto to determine the change in the weighted average cost of\ncapital (WACC) if the firm uses external equity funds instead of internal funds. An analyst in the\ngroup provides the following information:\n_ Current and future Target Capital Structure: 40% debt (wd), 60% retained earnings (ws)\n_ After-tax cost of debt (kd)* (1 - t) = 6.00%\n_ Cost of internal equity = 13.00%\nAnd, the fi rm__ investment bank provides the foll owi ng projections for a new common stock\nissue:\n_ Projected Dividend in year 1: D1 = $2.33\n_ Current Price (P0) = $30.00 per share\n_ Growth rate: 8.0%\n_ Floatation costs: 3.5%\nWhich of the following choices best completes the following sentence? Using this information,\nOtto reports that the WACC will:\nA) increase by 1.82%.\nB) increase by 1.66%.\nC) decrease by 1.66%.\nD) remain the same.\n
68	68	请你扮演一位金融和会计领域专家，你会面临用户提出的一些问题，你要给出解决问题的思考过程和最终答案。你要首先在头脑中思考推理过程，然后向用户提供答案。最后，答案要用 $\boxed{答案}$的形式输出。\n问题：\n甲公司20×8年末库存乙原材料1000件，单位成本为2万元。甲公司将乙原材料加工成丙产品对外出售，每2件乙原材料可加工1件丙产品。20×8年12月31日，乙原材料的市场价格为1.8万元/件，用乙原材料加工的丙产品市场价格为4.7万元/件，将2件乙原材料加工成1件丙产品的过程中预计发生加工费用0.6万元，预计销售每件丙产品发生销售费用及相关税费0.2万元。20×9年3月，在甲公司20×8年度财务报表经董事会批准对外报出前，乙原材料市场价格为2.02万元/件。不考虑其他因素，甲公司20×8年末乙原材料应当计提的存货跌价准备是（　　）。\nA.0\nB.50万元\nC.450万元\nD.200万元
69	69	请你扮演一位金融和会计领域专家，你会面临用户提出的一些问题，你要给出解决问题的思考过程和最终答案。你要首先在头脑中思考推理过程，然后向用户提供答案。最后，答案要用 $\boxed{答案}$的形式输出。\n问题：\n增值税一般纳税人发生的下列事项中，需要视同销售确认增值税销项税额的有（      ）。\nA.将自产的产品用于职工集体福利\nB.将自产的产品用于职工个人消费\nC.将外购的原材料用于对外投资\nD.将外购的原材料用于职工集体福利
70	70	请你扮演一位金融和会计领域专家，你会面临用户提出的一些问题，你要给出解决问题的思考过程和最终答案。你要首先在头脑中思考推理过程，然后向用户提供答案。最后，答案要用 $\boxed{答案}$的形式输出。\n问题：\n下列各项有关权益结算的股份支付的说法中，正确的是（        ）。\nA.以权益结算的股份支付换取职工提供服务的，在授予日应当以授予日权益工具的公允价值计量\nB.对于权益结算的股份支付，应当按照每个资产负债表日权益工具的公允价值重新计量，确认成本费用和资本公积\nC.对于权益结算的股份支付，在可行权日之后不再对已确认的成本费用和所有者权益总额进行调整\nD.对于权益结算的股份支付，在可行权日之后不再确认成本费用，负债公允价值的变动计入当期损益
71	71	请你扮演一位金融和会计领域专家，你会面临用户提出的一些问题，你要给出解决问题的思考过程和最终答案。你要首先在头脑中思考推理过程，然后向用户提供答案。最后，答案要用 $\boxed{答案}$的形式输出。\n问题：\nSelected information from Oldtown, Inc.__ financial statements for the year ended December 31,\n2001 included the following (in $):\nCash 1,320,000 Accounts Payable 1,620,000\nAccounts Receivable 2,430,000 Deferred Tax Liability 715,000\nInventory 6,710,000 Long-term Debt 15,230,000\nProperty, Plant & Equip. 12,470,000 Common Stock 1,000,000\nTotal Assets 22,930,000 Retained Earnings 4,365,000\nTotal Liabilities & Equity 22,930,000\nSales 15,000,000\nNet Income 3,000,000\nLIFO Reserve at Jan. 1 1,620,000\nLIFO Reserve at Dec. 31 1,620,000\nOldtown uses the last in, first out (LIFO) inventory cost flow assumption. The tax rate was 40\npercent. If Oldtown changed from LIFO to first in, first out (FIFO) for 2001, net profit margin\nwould:\nA) decrease from 20.0 to 13.5 percent.\nB) remain unchanged at 20.0 percent.\nC) decrease from 20.0 to 9.2 percent.\nD) decrease from 20.0 to 16.8 percent.\n
72	72	请你扮演一位金融和会计领域专家，你会面临用户提出的一些问题，你要给出解决问题的思考过程和最终答案。你要首先在头脑中思考推理过程，然后向用户提供答案。最后，答案要用 $\boxed{答案}$的形式输出。\n问题：\n甲公司为非房地产开发企业，下列各项中，应确认为无形资产的是（　　）。\nA.非同一控制下企业合并形成的商誉\nB.购入用于建造办公楼的土地使用权\nC.随建筑物一同用于出租的土地使用权\nD.甲公司内部产生的品牌
73	73	请你扮演一位金融和会计领域专家，你会面临用户提出的一些问题，你要给出解决问题的思考过程和最终答案。你要首先在头脑中思考推理过程，然后向用户提供答案。最后，答案要用 $\boxed{答案}$的形式输出。\n问题：\n甲公司适用的所得税税率为25%，2021年财务报告批准报出日为2022年4月30日，2021年所得税汇算清缴于2022年4月30日完成。甲公司在2022年1月1日至4月30日发生的下列事项中，属于资产负债表日后调整事项的是（　　）。\nA.2022年4月20日，因产品质量原因，客户将2021年12月10日购入的一批大额商品全部退回\nB.2022年3月15日，公司董事会提出2021年度利润分配方案为每10股派2元现金股利\nC.2022年2月15日因遭受水灾，上年购入的存货发生毁损300万元\nD.2022年2月10日支付2021年度财务报告审计费80万元
74	74	请你扮演一位金融和会计领域专家，你会面临用户提出的一些问题，你要给出解决问题的思考过程和最终答案。你要首先在头脑中思考推理过程，然后向用户提供答案。最后，答案要用 $\boxed{答案}$的形式输出。\n问题：\nAssume that a U.S. investor can invest in two asset classes: Domestic and Foreign Bonds.\nThe data in the following table are risk and return data calculated in U.S. Dollar terms. Given\nthis data, which of the following choices is most likely the correct risk/return combination for a\nport folio weighted 50 percent in domestic bonds and 50 percent in foreign bonds?\nAllocation Risk (%) Return (%)\nDomestic Bonds Only 7.00 6.50\n20% Domestic, 80% Foreign 8.00 10.90\n50% Domestic, 50% Foreign ? ?\nForeign Bonds Only 9.00 12.00\nCorrelation of domestic & foreign bonds = 0.50\nA) Risk of 7.50%, Return of 8.25%.\nB) Risk of 8.00%, Return of 10.90%.\nC) Risk of 6.00%, Return of 9.25%.\nD) Risk of 10.00%, Return of 13.50%.\n
75	75	请你扮演一位金融和会计领域专家，你会面临用户提出的一些问题，你要给出解决问题的思考过程和最终答案。你要首先在头脑中思考推理过程，然后向用户提供答案。最后，答案要用 $\boxed{答案}$的形式输出。\n问题：\n下列各项中，企业应记入“应付职工薪酬”科目贷方的是（　　）。\nA.发放职工工资\nB.确认因解除与职工劳动关系而给予职工的补偿\nC.支付职工的培训费\nD.缴存职工基本养老保险费
76	76	请你扮演一位金融和会计领域专家，你会面临用户提出的一些问题，你要给出解决问题的思考过程和最终答案。你要首先在头脑中思考推理过程，然后向用户提供答案。最后，答案要用 $\boxed{答案}$的形式输出。\n问题：\nOn December 31, 2000, Zapp Company executed a 12-year lease with annual payments\nof $900,000 beginning December 31, 2001, for factory equipment.\n_ The economic life of the equipment was 18 years.\n_ The interest rate implicit in the lease was eight percent.\n_ Zapp__ incremental borrowing rate was 11 percent.\n_ Under the terms of the lease, Zapp may purchase the equipment at the end of\nthe lease at the then-current fair market value of the equipment.\n_ The fair market value of the equipment on December 31, 2000, was $8,000,000.\nZapp_ s Income Statement for the year ended December 31, 2001, is a s follows (no te that\nthis statement is prepared under the assumption that the factory equipment lease was a\ncapital lease):\nSales $22,000,000\nCost of Goods Sold (9,000,000)\nGross Profit 13,000,000\nDepreciation on Lease (565,206)\nOther Depreciation (2,900,000)\nSales and Administration (2,600,000)\nOperating Profit 6,934.794\nInterest Expense on Lease (542,838)\nOther Interest Expense (1,900,000)\nIncome Taxes (2,000,000)\nNet Income $2,491,956\nAfter considering whether the factory equipment lease should be reclassified as an\noperating lease and holding income taxes con stant at $2,000,000, Zapp__ net profit\nmargin will:\nA) decrease from 11.33 percent to 9.67 percent.\nB) increase from 11.33 percent to 12.27 percent.\nC) increase from 11.33 percent to 15.42 percent.\nD) remain unchanged.\nAsset Valuation - 28 Questions - 42 minutes\n
77	77	请你扮演一位金融和会计领域专家，你会面临用户提出的一些问题，你要给出解决问题的思考过程和最终答案。你要首先在头脑中思考推理过程，然后向用户提供答案。最后，答案要用 $\boxed{答案}$的形式输出。\n问题：\n下列各项中应通过“管理费用”科目核算的有（　　）。\nA.支付的银行承兑汇票手续费\nB.转让无形资产使用权收入\nC.对外捐赠发生的支出\nD.盘盈周转材料
78	78	请你扮演一位金融和会计领域专家，你会面临用户提出的一些问题，你要给出解决问题的思考过程和最终答案。你要首先在头脑中思考推理过程，然后向用户提供答案。最后，答案要用 $\boxed{答案}$的形式输出。\n问题：\n下列有关公允价值计量结果所属层次的表述中，正确的是（　　）。\nA.公允价值计量结果所属层次由估值技术本身决定\nB.公允价值计量结果所属层次由对公允价值计量整体而言重要的输入值所属的最低层次决定\nC.使用第二层次输入值对相关资产进行公允价值计量时，不需要进行调整\nD.第三方报价机构提供的估值应划入第三层输入值
79	79	请你扮演一位金融和会计领域专家，你会面临用户提出的一些问题，你要给出解决问题的思考过程和最终答案。你要首先在头脑中思考推理过程，然后向用户提供答案。最后，答案要用 $\boxed{答案}$的形式输出。\n问题：\n下列各项关于公允价值计量中有关主要市场或最有利市场的表述中，正确的是（　　）。\nA.企业在确定相关资产或负债的最有利市场时，应当考虑交易费用和运输费用\nB.企业只能以主要市场上相关资产或负债的价格为基础计量该资产或负债的公允价值\nC.在存在或可以确定主要市场的情况下，企业可以以相关资产或负债最有利市场的价格为基础计量其公允价值\nD.企业在根据主要市场或最有利市场的交易价格确定相关资产或负债的公允价值时，应根据交易费用对该价格进行调整
80	80	请你扮演一位金融和会计领域专家，你会面临用户提出的一些问题，你要给出解决问题的思考过程和最终答案。你要首先在头脑中思考推理过程，然后向用户提供答案。最后，答案要用 $\boxed{答案}$的形式输出。\n问题：\n下列关于投资性房地产后续计量的表述中，正确的是（    ）。\nA.采用公允价值模式进行后续计量的，不允许再转为成本模式进行计量\nB.采用成本模式进行后续计量的，不需要按月计提折旧或摊销\nC.采用公允价值模式进行后续计量的，资产负债表日其公允价值与账面余额的差额计入其他综合收益\nD.采用成本模式进行后续计量的，不允许再转为公允价值模式进行计量
81	81	请你扮演一位金融和会计领域专家，你会面临用户提出的一些问题，你要给出解决问题的思考过程和最终答案。你要首先在头脑中思考推理过程，然后向用户提供答案。最后，答案要用 $\boxed{答案}$的形式输出。\n问题：\nKGraphix, a small, privately owned publishing company, plans to upgrade its printing process\nby purchasing either a high-speed color laser printer or a webpress (a high speed color printing\nmachine). Incremental cash flow information for each piece of equipment is as follows:\n_ Color Laser Printer: Initial cost of $40,000, cash flows of $20,000 for each of the next\nthree years.\n_ Webpress: Initial cost of $90,000, cash flows of $25,000 for each of the next six years.\nAssuming that the company__ weighted average cost of capital (WACC) is 13 percent, which of\nthe following statements is most correct? KGraphix should purchase the:\nA)\nwebpress because its net present value (NPV) of $9,939 is greater than the color\nlaser printer's NPV of $7,223.\nB)\ncolor laser printer because its Internal rate of return (IRR) is higher than that of the\nwebpress.\nC) color laser printer because it has the highest equivalent annual annuity.\nD) webpress because it has the longest life and the highest net present value (NPV).\n
82	82	请你扮演一位金融和会计领域专家，你会面临用户提出的一些问题，你要给出解决问题的思考过程和最终答案。你要首先在头脑中思考推理过程，然后向用户提供答案。最后，答案要用 $\boxed{答案}$的形式输出。\n问题：\n甲公司于2021年1月开始自行研究开发一项无形资产，相关资料如下：2021年1月至3月属于研究阶段，发生材料费180万元，发生职工薪酬和专用设备折旧120万元；4月进入开发阶段，发生材料费1000万元、发生的职工薪酬和计提专用设备折旧280万元，其中符合资本化条件的支出比例为75%。2021年10月5日该项无形资产研发成功达到预定用途。根据市场情况，甲公司无法判断该项无形资产为企业带来经济利益的年限。2021年年末，甲公司对该项无形资产进行减值测试，经测试表明该商标权已发生减值，其可收回金额为900万元。假定不考虑相关税费，下列关于甲公司自行开发无形资产的表述中，正确的是（　　）。\nA.应确认研发支出——费用化支出300万元\nB.2021年10月5日应确认无形资产1280万元\nC.该项无形资产应按10年计提摊销\nD.2021年年末无形资产的账面价值为900万元
83	83	请你扮演一位金融和会计领域专家，你会面临用户提出的一些问题，你要给出解决问题的思考过程和最终答案。你要首先在头脑中思考推理过程，然后向用户提供答案。最后，答案要用 $\boxed{答案}$的形式输出。\n问题：\n甲企业为增值税一般纳税人，销售产品适用的增值税税率为13％，“应交税费”科目期初余额为零。采用实际成本法进行存货日常核算，2021年11月该企业发生与存货相关的经济业务如下：\n（1）8日，从乙企业采购一批原材料，取得增值税专用发票注明的价款为30万元，增值税税额为3.9万元，原材料已验收入库。甲企业开具一张面值为33.9万元的银行承兑汇票，同时支付承兑汇票手续费0.678万元（含增值税），取得的增值税专用发票注明的增值税税额为0.0384万元。\n（2）15日，领用一批自产产品作为福利平均发给30名职工，其中专设销售机构人员20名，总部管理人员10名。该批产品不含增值税的售价为15万元，实际成本为10万元。\n（3）20日，甲企业向丙企业销售一批原材料，开具的增值税专用发票注明的价款为100万元，增值税税额为13万元，收到一张面值为113万元、期限为2个月的商业承兑汇票。该批原材料的实际成本为70万元。\n（4）上月购进的一批原材料因管理不善导致发霉变质，已知该批原材料实际成本为10万元，已认证的增值税进项税额金额为1.3万元。\n要求：根据上述资料，不考虑其他因素，分析回答下列小题。（答案中的金额单位用“万元”表示）\n根据资料（1）至资料（4），上述业务导致甲企业12月末资产负债表中“存货”项目变动金额为（　　）万元。\nA.60\nB.50\nC.55\nD.65
84	84	请你扮演一位金融和会计领域专家，你会面临用户提出的一些问题，你要给出解决问题的思考过程和最终答案。你要首先在头脑中思考推理过程，然后向用户提供答案。最后，答案要用 $\boxed{答案}$的形式输出。\n问题：\n下列关于记账本位币的选择和变更的说法中，正确的有（      ）。\nA.我国企业选择人民币以外的货币作为记账本位币的，在编制财务报表时应折算为人民币\nB.记账本位币的选择应根据企业经营所处的主要经济环境的变化而改变\nC.只有当企业所处的主要经济环境发生重大变化时，企业才可以变更记账本位币\nD.企业经批准变更记账本位币的，应采用变更当日的即期汇率将所有项目折算为变更后的记账本位币
85	85	请你扮演一位金融和会计领域专家，你会面临用户提出的一些问题，你要给出解决问题的思考过程和最终答案。你要首先在头脑中思考推理过程，然后向用户提供答案。最后，答案要用 $\boxed{答案}$的形式输出。\n问题：\n某企业为增值税一般纳税人，2020年 3月发生有关固定资产业务如下 :\n（1）3月1日，企业对租入的厂部办公楼采用出包工程方式进行装修改造，以银行存款支付全部工程款，取得增值税专用发票上注明的价款60万元，增值税税额5.4万元。 当月31日工程完工达到预定可使用状态并交付使用。按租赁合同规定，该厂部办公楼租赁期为 5 年， 租赁开始日为2020年2月28日，年租金 48万元（不含增值税）每年年末支付。\n（2）3月20日，基本生产车间一台设备由于技术升级等原因决定提前报废，该设备原值40万元（不考虑增值税），已计提折旧24万元（含本月应计提折旧额0.67万元），未计提减值准备。报废取得变价收入2万元，增值税税额0.26万元。报废清理发生自行清理费用0.5万元。有关收入、支出均通过银行办理结算。\n（3）3月31日，计算确认本月基本生产车间固定资产折旧。其中厂房本月应计提折旧额16万元；本月报废设备应计提折旧额0.67万元，车间正常使用设备的原价为600万元，预计净残值为30万元，该设备于2019年 6月达到预定可使用状态并投入使用，预计使用年限为5年，采用双倍余额递减法计提折旧。\n要求：根据上述资料，不考虑其他因素，分析回答下列小题。（答案中的单位用万元表示）。\n根据资料（2）和（3），3月31日资产负债表“固定资产”项目期末余额减少的金额应为（　　）万元。\nA.76.67\nB.40\nC.36.67\nD.52.67
86	86	请你扮演一位金融和会计领域专家，你会面临用户提出的一些问题，你要给出解决问题的思考过程和最终答案。你要首先在头脑中思考推理过程，然后向用户提供答案。最后，答案要用 $\boxed{答案}$的形式输出。\n问题：\n下列各项中，属于所有者权益变动表单独列示的项目有（ ）。\nA.所有者投入资本\nB.盈余公积转增资本（或股本）\nC.计提盈余公积\nD.向所有者分配的利润
87	87	请你扮演一位金融和会计领域专家，你会面临用户提出的一些问题，你要给出解决问题的思考过程和最终答案。你要首先在头脑中思考推理过程，然后向用户提供答案。最后，答案要用 $\boxed{答案}$的形式输出。\n问题：\n2020年12月31日，甲公司预计某生产线在未来4年内每年产生的现金流量净额分别为400万元、400万元、600万元和600万元，2025年产生的现金流量净额以及该生产线使用寿命结束时处置形成的现金流量净额合计为800万元；假定甲公司按照5%的折现率和相应期间的时间价值系数计算该生产线未来现金流量的现值；该生产线的公允价值减去处置费用后的净额为2 400万元。2020年12月31日计提减值准备前该生产线的账面价值为2 520万元。已知部分时间价值系数如下：\n￼\n则该生产线在2020年12月31日的可收回金额为（      ）万元。\nA.800\nB.2 400\nC.2 382.46\nD.2 520
88	88	请你扮演一位金融和会计领域专家，你会面临用户提出的一些问题，你要给出解决问题的思考过程和最终答案。你要首先在头脑中思考推理过程，然后向用户提供答案。最后，答案要用 $\boxed{答案}$的形式输出。\n问题：\n下列各项中，在合并资产负债表中应当计入资本公积的有（　　）。\nA.同一控制下企业合并中支付的合并对价账面价值小于取得的净资产账面价值的差额\nB.存货转换为采用公允价值模式进行计量的投资性房地产时转换日公允价值大于账面价值的差额\nC.母公司在不丧失控制权的情况下部分处置对子公司的长期股权投资，处置价款大于处置长期股权投资相对应享有子公司自购买日开始持续计算的净资产份额的差额\nD.因联营企业接受新股东的资本投入，投资方仍采用权益法核算时相应享有联营企业净资产份额发生变动的部分
89	89	请你扮演一位金融和会计领域专家，你会面临用户提出的一些问题，你要给出解决问题的思考过程和最终答案。你要首先在头脑中思考推理过程，然后向用户提供答案。最后，答案要用 $\boxed{答案}$的形式输出。\n问题：\n2018年12月31日，甲公司购入一台设备，设备的入账价值为100万元，预计使用年限为5年，预计净残值为4万元，采用双倍余额递减法计提折旧，则该设备2020年应计提的折旧额为（      ）万元。\nA.25.6\nB.19.2\nC.40\nD.24
90	90	请你扮演一位金融和会计领域专家，你会面临用户提出的一些问题，你要给出解决问题的思考过程和最终答案。你要首先在头脑中思考推理过程，然后向用户提供答案。最后，答案要用 $\boxed{答案}$的形式输出。\n问题：\nWhich of the following statements about bond indexes and international asset indexes is\nFALSE?\nA)\nGlobal equity indexes were created to alleviate problems with local indexes\n(sample selection and weighting).\nB)\nLow correlation among monthly country indexes supports international\ndiversification.\nC) Some of the reasons that a bond index is more difficult to create than an equity\nindex are that the universe of bonds is less than the universe of stocks and it is\ndifficult to price the bonds because of the lack of continuous trade data.\nD)\nInvestment-grade bond indexes have a higher correlation than high-yield bond\nindexes.\n
91	91	请你扮演一位金融和会计领域专家，你会面临用户提出的一些问题，你要给出解决问题的思考过程和最终答案。你要首先在头脑中思考推理过程，然后向用户提供答案。最后，答案要用 $\boxed{答案}$的形式输出。\n问题：\n下列选项中，增值税一般纳税人取得交易性金融资产的相关支出应计入投资收益的是（      ）。\nA.不含增值税的交易费用\nB.增值税专用发票上注明的增值税税额\nC.价款中包含的已宣告但尚末发放的现金股利\nD.价款中包含的已到付息期但尚未领取的债券利息
92	92	请你扮演一位金融和会计领域专家，你会面临用户提出的一些问题，你要给出解决问题的思考过程和最终答案。你要首先在头脑中思考推理过程，然后向用户提供答案。最后，答案要用 $\boxed{答案}$的形式输出。\n问题：\n甲公司为增值税一般纳税人，其发生的下列税费中，不应当计入相应资产成本的是（　　）。\nA.购入商品的进口关税\nB.收购未税矿产品代扣代缴的资源税\nC.购入的作为非货币性福利发放给生产工人的商品所支付的进项税\nD.委托加工的应税消费品收回后用于连续生产应税消费品，按规定准予抵扣的，受托方代收代缴的消费税
93	93	请你扮演一位金融和会计领域专家，你会面临用户提出的一些问题，你要给出解决问题的思考过程和最终答案。你要首先在头脑中思考推理过程，然后向用户提供答案。最后，答案要用 $\boxed{答案}$的形式输出。\n问题：\n晋中公司2019年11月23日自银行购入300万美元，银行当日的美元卖出价为1美元＝8.55元人民币，当日市场汇率为1美元＝8.46元人民币。晋中公司对外币业务采用交易发生日的即期汇率折算，按月结算汇兑损益。2019年11月30日的市场汇率为1美元＝8.41元人民币。晋中公司购入的该300万美元于2019年11月所产生的汇兑损失为（      ）人民币。\nA.27万元\nB.42万元\nC.－15万元\nD.－42万元
94	94	请你扮演一位金融和会计领域专家，你会面临用户提出的一些问题，你要给出解决问题的思考过程和最终答案。你要首先在头脑中思考推理过程，然后向用户提供答案。最后，答案要用 $\boxed{答案}$的形式输出。\n问题：\nGiven the following information about a manufacturing fi rm, determine the optimal capital\nstructure.\n_ Target Payout Ratio of 40%\n_ Estimated Growth Rate (g) of 0%\n_ Overall Tax Rate of 40%\n_ Cost of Debt is before tax\nDebt/TA k(d) (%) EPS ($) k(e) (%) WACC (%) Stock Price\n0.10 7.00 1.62 12.0 11.22 5.40\n0.25 7.50 1.85 13.0 ? ?\n0.40 8.50 2.16 14.5 ? ?\n0.50 9.50 2.43 16.5 11.10 5.89\nThe optimal capital structure for this firm is:\nA) 10% Debt, 90% Equity.\nB) 25% Debt, 40% Equity.\nC) 40% Debt, 60% Equity.\nD) 50% Debt, 50% Equity.\n
95	95	请你扮演一位金融和会计领域专家，你会面临用户提出的一些问题，你要给出解决问题的思考过程和最终答案。你要首先在头脑中思考推理过程，然后向用户提供答案。最后，答案要用 $\boxed{答案}$的形式输出。\n问题：\n下列各项中，通常不属于出租人应当分类为融资租赁的情形是（　　）。\nA.在租赁期届满时，租赁资产的所有权转移给承租人\nB.承租人有购买租赁资产的选择权，且购买价预计远低于将行使购买选择权时租赁资产的公允价值\nC.租赁期占租赁资产使用寿命的80％以上\nD.在租赁开始日，租赁收款额的现值相当于租赁资产的公允价值的75％以上
96	96	请你扮演一位金融和会计领域专家，你会面临用户提出的一些问题，你要给出解决问题的思考过程和最终答案。你要首先在头脑中思考推理过程，然后向用户提供答案。最后，答案要用 $\boxed{答案}$的形式输出。\n问题：\nWhich one of the following statements is FALSE?\nA)\nThe cost recovery method is similar to the installment sales method in that revenue\nis recognized when cash is received, but no profit is recognized until all the cost of\ngoods sold has been recovered.\nB)\nThe installment sales method recognizes revenue and the associated cost of\ngoods sold only when cash is received. The profit recognized is the collected cash\nless the proportionate cost of goods sold.\nC)\nThe completed cont ract method doesn't recognize revenue and expense until the\ncontact is completed and title is transferred. Profits are recognized on a prorata\nbasis.\nD)\nThe percent-of-sales method recognizes profit corresponding to the percentage of\ncost incurred to total estimated costs associated with long-term construction\ncontracts.\n
97	97	请你扮演一位金融和会计领域专家，你会面临用户提出的一些问题，你要给出解决问题的思考过程和最终答案。你要首先在头脑中思考推理过程，然后向用户提供答案。最后，答案要用 $\boxed{答案}$的形式输出。\n问题：\n以权益结算的股份支付在授予日、等待期内每个资产负债表日、可行权日之后的相关会计处理不正确的是（      ）。\nA.除了立即可行权的股份支付外，无论权益结算的股份支付还是现金结算的股份支付，在授予日均不需要作会计处理\nB.对于权益结算的股份支付，在可行权日之后不再对已确认的成本费用和所有者权益总额进行调整\nC.对于权益结算的股份支付，在等待期的每个资产负债表日，应当按照授予日权益工具的公允价值计入成本费用和资本公积\nD.对于权益结算的股份支付，在可行权日之后继续确认成本费用，负债公允价值的变动计入当期损益
98	98	请你扮演一位金融和会计领域专家，你会面临用户提出的一些问题，你要给出解决问题的思考过程和最终答案。你要首先在头脑中思考推理过程，然后向用户提供答案。最后，答案要用 $\boxed{答案}$的形式输出。\n问题：\nThe table below is for five samples drawn from five separate populations. The far left columns\ngive information on the population distribution, population variance, and sample size. The\nright-hand columns give four choices for the appropriate tests: Z = Z-statistic, and t = t-statistic.\n__one_ means that a test statistic is not available.\nSampling From Test Statistic Choices\nDistribution Variance n One Two Three Four\nNon-normal 0.75 100 Z Z Z t\nNormal 5.60 75 Z Z Z Z\nNon-normal n/a 15 t t none t\nNormal n/a 18 t t t t\nNon-normal 14.3 15 t t none none\nWhich set of test statistic choices (One, Two, Three, or Four) matches the correct test statistic\nto the sample for all five samples?\nA) Three.\nB) One.\nC) Two.\nD) Four.\n
99	99	请你扮演一位金融和会计领域专家，你会面临用户提出的一些问题，你要给出解决问题的思考过程和最终答案。你要首先在头脑中思考推理过程，然后向用户提供答案。最后，答案要用 $\boxed{答案}$的形式输出。\n问题：\n2020年2月，甲企业需购置一台环保设备，预计价款为1 500万元，因资金不足，按相关规定向有关部门提出补助1 080万元的申请。2020年3月1日，政府相关部门批准了甲企业的申请并拨付甲企业1 080万元财政拨款（同日到账）。2020年4月10日，甲企业购入环保设备并投入使用，实际成本为1 800万元，预计使用寿命5年，预计净残值为零，采用年限平均法计提折旧。甲公司采用总额法对与资产相关的政府补助进行核算，并采用与固定资产相关的折旧率进行分摊，不考虑其他因素，甲企业2020年末“递延收益”科目的余额为（      ）。\nA.780万元\nB.216万元\nC.162万元\nD.936万元
